Input size n for Array_i, Value of nlogn, Time Spent nanoseconds, Value of nlogn/time
1000,9965.784284662088,806500,1.235683e-02
2000,21931.568569324176,1743400,1.257977e-02
3000,34652.24035614973,2726200,1.271082e-02
4000,47863.13713864835,3629800,1.318616e-02
5000,61438.56189774724,4607800,1.333360e-02
6000,75304.48071229945,6009600,1.253070e-02
7000,89411.97444703784,6558200,1.363362e-02
8000,103726.2742772967,7486100,1.385585e-02
9000,118221.3835749396,8713900,1.356699e-02
