Statistics, Milliseconds
Maximum Time, 2.053976058959961
Minimum Time, 0.0
Average Time, 0.7537355422973633
Median Time, 0.9965896606445312