Statistics, Milliseconds
Maximum Time, 2.9799938201904297
Minimum Time, 0.0
Average Time, 0.7661712169647217
Median Time, 0.49686431884765625