Statistics, Milliseconds
Maximum Time, 2.4836063385009766
Minimum Time, 0.0
Average Time, 0.7734973430633545
Median Time, 0.49686431884765625