Statistics, Milliseconds
Maximum Time, 2.9900074005126953
Minimum Time, 0.0
Average Time, 0.7289848327636719
Median Time, 0.9965896606445312