Statistics, Milliseconds
Maximum Time, 2.9897689819335938
Minimum Time, 0.0
Average Time, 0.7311913967132568
Median Time, 0.9965896606445312