Statistics, Milliseconds
Maximum Time, 2.990245819091797
Minimum Time, 0.0
Average Time, 0.7572507858276367
Median Time, 0.9965896606445312