Input size n for Array_i, Value of nlogn, Time Spent nanoseconds, Value of nlogn/time
1000,9965.784284662088,739700,1.347274e-02
2000,21931.568569324176,1576400,1.391244e-02
3000,34652.24035614973,2453900,1.412129e-02
4000,47863.13713864835,3239400,1.477531e-02
5000,61438.56189774724,4113400,1.493620e-02
6000,75304.48071229945,5091900,1.478907e-02
7000,89411.97444703784,5879800,1.520664e-02
8000,103726.2742772967,6736500,1.539765e-02
9000,118221.3835749396,7708600,1.533630e-02
